k,height_max,range_max
1.6,1.5618095118601838,1.4676800318638867
